{
  "model_type": "resnet50",
  "model_name": "resnet50_skin_lesion",
  "num_classes": 40,
  "pretrained": true,
  "dropout_rate": 0.5,
  "image_size": 224,
  "batch_size": 32,
  "num_workers": 4,
  "epochs": 1000,
  "learning_rate": 0.001,
  "weight_decay": 0.0001,
  "optimizer": "adamw",
  "scheduler_type": "cosine",
  "freeze_backbone_epochs": 5,
  "early_stopping_patience": 250,
  "min_delta": 0.001,
  "checkpoint_path": "models/oldermodel.pth",
  "resume_training": true,
  "train_dir": "preprocessed/train",
  "val_dir": "preprocessed/val",
  "test_dir": "preprocessed/test",
  "models_dir": "models",
  "results_dir": "results",
  "device": "cuda",
  "random_seed": 42,
  "save_best_model": true,
  "class_weights": [
    8.199999809265137,
    39.36000061035156,
    0.7235293984413147,
    1.0695651769638062,
    5.318918704986572,
    5.178947448730469,
    8.199999809265137,
    4.099999904632568,
    0.7288888692855835,
    8.55652141571045,
    1.8923076391220093,
    0.4268980622291565,
    0.7343283295631409,
    9.84000015258789,
    0.6227847933769226,
    28.114286422729492,
    2.16263747215271,
    0.5528090000152588,
    1.7113043069839478,
    98.4000015258789,
    1.856603741645813,
    65.5999984741211,
    0.2510204017162323,
    0.058397624641656876,
    21.866666793823242,
    5.4666666984558105,
    49.20000076293945,
    3.644444465637207,
    12.300000190734863,
    12.300000190734863,
    2.4911391735076904,
    2.0288660526275635,
    39.36000061035156,
    49.20000076293945,
    21.866666793823242,
    24.600000381469727,
    1.1644970178604126,
    0.5072165131568909,
    5.178947448730469,
    16.399999618530273
  ],
  "class_to_idx": {
    "acb": 0,
    "acd": 1,
    "ajb": 2,
    "ajd": 3,
    "ak": 4,
    "alm": 5,
    "angk": 6,
    "anm": 7,
    "bcc": 8,
    "bd": 9,
    "bdb": 10,
    "cb": 11,
    "ccb": 12,
    "ccd": 13,
    "cd": 14,
    "ch": 15,
    "cjb": 16,
    "db": 17,
    "df": 18,
    "dfsp": 19,
    "ha": 20,
    "isl": 21,
    "jb": 22,
    "jd": 23,
    "ks": 24,
    "la": 25,
    "lk": 26,
    "lm": 27,
    "lmm": 28,
    "ls": 29,
    "mcb": 30,
    "mel": 31,
    "mpd": 32,
    "pg": 33,
    "rd": 34,
    "sa": 35,
    "scc": 36,
    "sk": 37,
    "sl": 38,
    "srjd": 39
  },
  "start_epoch": 76
}